WarpMax,Die_SY_Max,B_Avg_Peel,B_Tip_SEQV,T_Tip_Strain,T_Tip_Peel,T_Tip_SEQV
-0.080866972098,-75.85591266,-0.01698218982,24.173680230000002,0.0019714805937,-34.41137031,36.241495289999996
-0.07013449667637228,-56.19854333093489,-0.012196774380824706,19.83404817512521,0.0014260446405153589,-24.257024041018365,24.89022075888147
-0.06636187159548017,-48.22984436036019,-0.01038108622712811,17.76461669392237,0.001215616469804061,-19.591749259426127,19.92617321214065
-0.06119792274220579,-36.32406451363022,-0.00834356592903144,14.530435429939482,0.000926323254876486,-12.400666878816361,12.695135693547996
-0.06045393514384458,-34.26359168041152,-0.007827392324519587,13.994279657417781,0.0009182669573215255,-11.130742839306263,11.821268315905092
-0.05711542028393965,-24.950181215809682,-0.00612496508778571,11.722841942660684,0.0008449999295852217,-5.549561461675668,8.08900034763681
-0.05662625978880225,-23.301971386069287,-0.005811596565032255,11.34363624013773,0.0008619961917555526,-4.586874161699149,8.260616559179299
-0.05448599232859157,-15.988114243720368,-0.0047411735728792245,9.778993150019199,0.0009244672424098872,-0.3019303824684641,9.417231519731219
-0.05416797632342679,-14.69409478311373,-0.004117326027670856,9.51483735938314,0.0009502992855246412,0.4202024197007928,9.84297906351586
-0.05281815392665956,-8.940423184375417,-0.0032455755131051045,8.450737234067029,0.0010498737411615275,3.705811029826753,12.321752835865192
-0.05261657505086494,-7.896298047437481,-0.002820151190865952,8.268171044290318,0.001078436723223794,4.243951793108388,12.703077864815109
-0.05178854302747212,-3.343056874710476,-0.002133703804177187,7.554525969283348,0.001181420319236995,6.769117727822329,14.989192147577631
-0.051665547179901336,-2.4973266218972427,-0.0018368187737971323,7.430701895532346,0.0012108040645151797,7.166526466094701,15.283046485416113
-0.051179743800776424,1.1274161627606845,-0.0013040992639817655,6.961515207762395,0.001308382840967792,9.113871222266695,17.174712546379386
-0.051109240881255555,1.8149975963962492,-0.001092090487462046,6.879727202005967,0.0013376773147602172,9.403626005489151,17.384201893074295
-0.05084524677699879,4.716655646069825,-0.0006804771343270128,6.580229381048915,0.001426761546692717,10.910500258075544,18.896342760146496
-0.050809283931325416,5.277523404318658,-0.0005257189440389747,6.528170643039315,0.001455275932863581,11.117783658061354,19.034789600959932
-0.050686508745252046,7.6119837030300515,-0.0002072273298487099,6.345068400810977,0.001534552099486152,12.287146830554674,20.226146860078046
-0.05067279059207116,8.070774945703047,-9.191432880688156e-05,6.313605695932763,0.001561837973461565,12.431149866604757,20.307695072611853
-0.05063759955166703,9.95716728422955,0.00015571417074158387,6.208608592883764,0.0016313394120896119,13.340370062858515,21.23905434460017
-0.05063776602375201,10.333295080989563,0.00024329221297531275,6.1910287627469955,0.0016571884090195743,13.435769901820116,21.276150260547997
-0.05065477199879762,11.863379049171536,0.00043712397769051886,6.136883016757888,0.0017177593204759057,14.143292150138564,22.00008901949249
-0.0506631943990003,12.172233862115611,0.0005048211108546551,6.128387022415192,0.0017421191247936937,14.201364896613107,22.003014859550085
-0.05070933077827124,13.417258462305925,0.0006577071157289224,6.106214880224249,0.001794888800345885,14.751627845119787,22.56246652576252
-0.05072226943998494,13.671122053537562,0.0007108942146731332,6.103484998373538,0.001817788232063126,14.781078695475378,22.53949520367321
-0.05078275174008857,14.68684688547621,0.0008324525435885083,6.100631222956678,0.0018638836955773496,15.208112371492488,22.968758468787147
-0.050797766577374254,14.895584322595994,0.0008748575192587838,6.101438645958431,0.0018853883906178007,15.215696496420701,22.9264645092596
-0.05086334182384683,15.725980801318446,0.000972273923393101,6.109661395932972,0.0019258208551798121,15.545751952725377,23.25272398368656
-0.05087888094951774,15.897562748977464,0.001006537803165451,6.112541308290776,0.00194601113154447,15.536732012522954,23.19629913027421
-0.05094395944152446,16.577545208559265,0.0010851908339357804,6.126601676406762,0.001981647373166707,15.790198259467864,23.44105552945868
-0.05095907269291015,16.71845091585476,0.0011132124787467197,6.1306092125522955,0.002000606279067383,15.768692658905259,23.374585026920283
-0.05102046297051461,17.275919554622707,0.0011771632518911518,6.147255170792779,0.002032173822113076,15.961515858950335,23.554862336659433
-0.0510346032518036,17.391442728369366,0.0012003215027359057,6.1517918962175715,0.0020499827652886854,15.930755625440737,23.481552288008764
-0.05109065989009858,17.84882080004424,0.001252654998701582,6.16906291321202,0.002078087275857621,16.075479978871456,23.61085874285184
-0.05110348112824808,17.94331662749624,0.0012718240333761935,6.173686688816945,0.0020948257286847118,16.038044861660683,23.533262047145662
-0.05115331905994645,18.31874772469282,0.0013143749998631468,6.190211068948247,0.002119978061657429,16.144722387259183,23.622490559144826
-0.05116462876733552,18.395809344202835,0.0013301908486822035,6.194621909222203,0.0021357213820251465,16.10266058216444,23.542616099171116
-0.0512079118261475,18.70403313285601,0.0013643790894005635,6.209539381511144,0.002158349062970772,16.179340313640655,23.60051473088314
-0.051217709769696036,18.766624030557594,0.00137749836672601,6.21362868131419,0.0021731646643845704,16.13422375461436,23.519874620738314
-0.051254733871735396,19.019609712063858,0.0014050073954775502,6.226721155336853,0.0021936148632459014,16.18718939851628,23.553272825695746
-0.051263164356055844,19.070173867721618,0.001416132316687124,6.230527848785434,0.002207562102176732,16.140204110606845,23.47297339556344
-0.05129466152756845,19.277668741830553,0.0014389007464134765,6.242044391142821,0.0022261153004938024,16.174335642235395,23.487162574278383
-0.05130193896441924,19.318228863588484,0.0014484802363537686,6.245641423843574,0.0022392478382438318,16.126374131913604,23.408012917078047
-0.05132881642918109,19.48818237344324,0.0014676577551598373,6.255919081622705,0.002256135208404829,16.1454818096707,23.407141975621453
-0.05133505928232922,19.520437858129384,0.0014759121063757012,6.259297993098206,0.0022685055248153467,16.09729619104758,23.329807159477465
-0.05135788327321953,19.659429461971204,0.0014920388628169281,6.268407577392321,0.002283932647734942,16.10462674571995,23.317397234752086
-0.05136320363923811,19.684801665991653,0.001499187887081369,6.271571902217153,0.00229559001738596,16.05680537068322,23.24237275398456
-0.05138248946115876,19.798254904180716,0.0015127916822321244,6.279611339128673,0.002309731358070651,16.054997281985813,23.221268039032136
-0.05138699778216811,19.817929949134808,0.001519002125578172,6.282572803569616,0.0023207213468384477,16.007990130221618,23.148907015011687
-0.05140322684240108,19.9103178744616,0.0015305144487559182,6.2896544541469535,0.0023337252243074372,15.999166602037565,23.12138319335309
-0.051407027441331764,19.925286863968694,0.0015359269963514648,6.292428529221661,0.002344090087911486,15.953313024976627,23.051927016570954
-0.0514206365276682,20.000296886014606,0.001545697294740338,6.298667052221118,0.002356083056591369,15.939184344836395,23.019802486482472
-0.051423825283346124,20.011389692856007,0.0015504313880283056,6.301270479084265,0.0023658617388564317,15.894733921974542,22.9534036388414
-0.051435202926977126,20.07207231442738,0.001558744412905217,6.306774545464482,0.0023769523381184476,15.876674296786728,22.918128081648582
-0.05143786628061749,20.07998199210351,0.0015628937714684099,6.309224065487103,0.0023861815564951124,15.833804770393574,22.854866937092655
-0.05144735318983723,20.128857610233307,0.0015699851674911061,6.314093951437938,0.0023964632356705843,15.812916450896493,22.817588643082637
-0.05144956783691995,20.134163111037147,0.0015736281282419952,6.316405075507762,0.002405176386638026,15.771749178673623,22.75749179317112
-0.051457459221878596,20.173315253536728,0.001579688891811173,6.320729505458765,0.002414729662121344,15.748912905464525,22.71911619541027
-0.051459292530414695,20.1765009547788,0.0015828950478128589,6.322916276009474,0.0024229583448633933,15.709522095033808,22.66216728100167
-0.05146584221919929,20.207656476462024,0.001588088749006127,6.3267738224266274,0.0024318533787176795,15.685440786247915,22.623404963401505
-0.05146735284094808,20.209125124359765,0.001590915847101799,6.328848863917488,0.002439626976399779,15.647865119553003,22.56955313087479
-0.05147277762667876,20.233711464171535,0.0015953719626679885,6.332306996025001,0.0024479246644849083,15.623093378415275,22.53095240850751
-0.051474016252927336,20.23380137927254,0.0015978676004016988,6.33428086190672,0.002455270329657471,15.587343789419451,22.480123864977045
-0.051478500214710225,20.252999133548414,0.0016017003633697288,6.337397765810435,0.0024630241068972496,15.56231909238481,22.442107176721205
-0.05147951036471069,20.251988828966194,0.0016039085210789652,6.339279947931135,0.00246996738484644,15.528382815688648,22.39420827982763
-0.051483209163920914,20.26677853121995,0.0016072120790554883,6.342104537612354,0.0024772241532026794,15.503444415488314,22.357090664090986
-0.05148402805678598,20.264901761065943,0.0016091650357081303,6.343902965996368,0.002483788690155839,15.471291244590152,22.312014840394408
-0.05148707287079975,20.276090189060934,0.001612016483560242,6.346477039835435,0.002490589995476958,15.446702569605176,22.276031359398583
-0.051487732346588946,20.273539811953672,0.0016137489122990236,6.348198222079633,0.0024967979520362734,15.41629034682596,22.23366309391778
-0.05149023375495689,20.281795850002087,0.0016162172599290777,6.350556850400209,0.002503180436323372,15.392248611554672,22.19897733813481
-0.05149076061789391,20.278733479767947,0.0016177509370889024,6.3522066569409015,0.002509052483660371,15.363524817751252,22.15919594348414
-0.05149281078692166,20.28460959541277,0.0016198861985189023,6.354378966347955,0.0025150488397040357,15.340178012717027,22.125921614282554
-0.05149322786275054,20.281163880808847,0.0016212480053370325,6.355962186370243,0.002520604392057458,15.313082558559264,22.08860210791277
-0.051494904297299755,20.285117245093073,0.0016231023930958724,6.357972889882638,0.0025262438018137066,15.290536201347246,22.056807653872287
-0.051495230718107805,20.281399270602673,0.0016243151994315527,6.359493816137479,0.0025315010538768407,15.265005710157347,22.021826352235394
-0.05149659783481302,20.283805895889817,0.0016259251221107805,6.361363488747621,0.002536809711214695,15.243332193375627,21.991547256487063
-0.051496849810842446,20.279902913504174,0.0016270004924681092,6.362825223132721,0.0025417856094296994,15.21929857006803,21.95877906241152
-0.05149796161948911,20.281071162459515,0.0016284012129277588,6.3645709413722455,0.002546787044629232,15.19854446674082,21.930025032777547
-0.05149815264359399,20.2770552897308,0.0016293565408840693,6.365976748303673,0.0025514975445917903,15.175938518263774,21.89934847137396
-0.051499053845312975,20.277241931377713,0.001630577993405484,6.367612934992989,0.0025562131178095368,15.156129533547997,21.8721080607596
-0.0514991952310192,20.273171438295076,0.0016314269156473748,6.368965410711186,0.0025606732283831343,15.134882054641906,21.843403713078885
-0.051499923054701545,20.27258546584808,0.0016324923606171912,6.370504096810643,0.002565122266450405,15.116026494718698,21.817649973249168
-0.05150002428157463,20.26850775803339,0.001633249672320914,6.37180536263439,0.002569345964383523,15.096068049880218,21.790802581779218
-0.0515006097192308,20.267320286535476,0.0016341797069049668,6.3732565125011265,0.0025735461980374835,15.078162076076794,21.766497337641486
-0.05150067859230288,20.263273935055093,0.001634850984942496,6.374508599607596,0.002577546550999683,15.05942435206052,21.741396028809266
-0.05150114715418272,20.261626453720368,0.0016356647570833097,6.375880580191527,0.0025815140187993783,15.042453134191154,21.718491509475374
-0.05150119023753731,20.257637725926966,0.0016362630431854257,6.377085535356886,0.002585303481686807,15.02487013036853,21.6950300720384
-0.05150156327208706,20.255644279202002,0.0016369727096675587,6.3783857017803,0.00258905288354101,15.008813193234142,21.673473961026712
-0.05150158588843535,20.251739572692824,0.0016375042133868905,6.379544979946578,0.0025926429678173038,14.992319491302172,21.65155064443322
-0.05150188079939825,20.24949343691945,0.0016381285912125,6.380779398711311,0.0025961880177387273,14.977148936656928,21.631285345244574
-0.05150188743289558,20.24568771240651,0.0016386017659831805,6.381894523790735,0.0025995898339530176,14.961683268909015,21.61080408569574
-0.05150211880557095,20.24326392355593,0.0016391483766974373,6.383068191022162,0.0026029427732059056,14.947368753553423,21.591770854995826
-0.051502113103148416,20.23957187571411,0.0016395655243273122,6.384140667661478,0.0026061665000637396,14.932869894146496,21.572638533830133
-0.05150229288878727,20.23703129751085,0.0016400448708240652,6.385258296206219,0.0026093390237849,14.91937686559307,21.554776243803005
-0.05150227780559224,20.23346055855426,0.0016404160354890776,6.386289489611143,0.002612394490944591,14.90578842018531,21.536907652592653
-0.051502415808515487,20.2308526274687,0.0016408333421692363,6.387354575939524,0.0026153972152476836,14.893081939701588,21.52015625788272
-0.0515023937886114,20.227410860690732,0.0016411657407871328,6.38834571420288,0.0026182934456603587,14.880348981788815,21.503468758255842
-0.0515024981214333,20.22477393050459,0.0016415312993383598,6.389361816561811,0.002621136576655367,14.868391852964525,21.487767668966193
-0.05150247112854353,20.221464927121453,0.0016418254853103507,6.390314146078047,0.0026238821013139734,14.856462306619784,21.472184572929464
-0.05150254845108869,20.218830013592655,0.0016421465888877172,6.391283908876754,0.002626574419906978,14.845218803620616,21.457475739131468
-0.05150251802478531,20.215653534157763,0.001642403566895672,6.392198602385309,0.002629177470321386,14.834043414439481,21.442924016526714
-0.051502573691702885,20.21304574236561,0.0016426838904917906,6.393125032204884,0.0026317277918109015,14.823476356120619,21.42914968099082
-0.051502541160873834,20.21000458651753,0.0016429132022792905,6.394003388157847,0.0026341960345876506,14.813008195834307,21.415561497116446
-0.051502579742814567,20.207441810298832,0.0016431585189638064,6.394888520831344,0.0026366124230450833,14.80308213034683,21.402667240335976
-0.051502546050094154,20.20453361589441,0.0016433634904144032,6.3957315065675715,0.002638953039315238,14.793277261255843,21.389978459464107
-0.05150257108374253,20.202028688126045,0.0016435788574361019,6.396577667548121,0.00264124296182389,14.783956591406094,21.377911217807178
-0.051502537050547914,20.19925191467404,0.0016437537901026586,6.3973865125329725,0.0026434626387625295,14.774773319594324,21.366062078007097
-0.0515025515342096,20.1968171388894,0.001643941144840793,6.398195394351336,0.0026456331496826795,14.766024214502506,21.354770712899
-0.05150251776974724,20.194169100333056,0.001644097692765313,6.398971169672705,0.00264773852658432,14.757423467457848,21.343704923978713
-0.05150252411763093,20.191812134792155,0.001644261037034349,6.399744471835017,0.002649796093031995,14.749213434423208,21.3331422812717
-0.051502491042455883,20.1892888553101,0.001644395933200718,6.4004883586737895,0.002651793115134516,14.741157644444074,21.32280718363773
-0.05150249110452997,20.18701412072955,0.0016445362633159808,6.401227837247204,0.002653744028892145,14.733454860860181,21.31292670450626
-0.051502459068891365,20.184612848560516,0.001644655872768431,6.401940828708305,0.0026556383764013815,14.725910464628965,21.303273928657763
-0.05150245443396987,20.182424363823454,0.0016447790697405552,6.402647850078756,0.0026574883686253923,14.718685344209101,21.294032753419035
-0.0515024237355581,20.180140213285892,0.0016448815451253756,6.403330897023832,0.002659285622634078,14.711618526565944,21.285015831277963
-0.05150241574909558,20.178038800040486,0.001644987060549879,6.404006921911603,0.0026610401432451336,14.70484186688314,21.276372830029633
-0.05150238651410334,20.175866964514608,0.001645074516973222,6.404661175479716,0.002662745300406586,14.698222652482889,21.26794907922371
-0.051502376067803335,20.173853254890652,0.0016451643281350794,6.405307606697079,0.002664409523585221,14.69186803333097,21.259866389510435
-0.05150234840526436,20.171791069388565,0.0016452422562818615,6.405934192689441,0.002666027502349558,14.685667755855174,21.251996336689484
-0.05150233631140768,20.169865145569283,0.001645318475707951,6.406552184751961,0.002667606280160334,14.679708057931553,21.24443647355259
-0.05150231028417133,20.167906192358515,0.0016453832823850043,6.407151908703882,0.002669141479471828,14.673899393462856,21.23708173195117
-0.051502297163612605,20.166067246361017,0.0016454483161999333,6.407742651790567,0.002670639229347822,14.668311910004174,21.230011905254173
-0.051502272798476426,20.164208135239985,0.0016455028224938064,6.408316445930759,0.002672096143654608,14.662870140940319,21.223138787181135
-0.05150225915344908,20.162454256649,0.001645557403434303,6.40888102673414,0.0026735173410504594,14.657631006226627,21.216526287284225
-0.05150223641136824,20.160690390304257,0.001645603826900409,6.409429963042237,0.0026749001488928967,14.65253219388606,21.210101786944907
-0.05150222256076302,20.15901830445701,0.0016456497971434184,6.409969590695034,0.0026762486659895287,14.647619364840152,21.20391681927296
-0.05150220147713577,20.157345314301338,0.0016456868884886396,6.410494505517821,0.0026775610621877256,14.642841547750416,21.197911050172788
-0.05150218780639795,20.155754466537147,0.0016457237009482014,6.411010073552504,0.0026788407663060603,14.63823535437646,21.19212555053965
-0.05150216826612346,20.154167785472456,0.0016457551616828841,6.411512084038272,0.002680086460639545,14.63375774108389,21.186510236090985
-0.05150215487955802,20.15265358389441,0.0016457848990618447,6.412004630095117,0.002681301029224395,14.629438447899416,21.181098157557596
-0.05150213685752342,20.15114946861561,0.0016458092881562103,6.412484292598998,0.002682483496184036,14.625241543682806,21.175846675193238
-0.05150212396780793,20.149710208689065,0.0016458326461222287,6.412954741569241,0.0026836363820548627,14.621190956695742,21.170782821128967
-0.051502107434737314,20.14828435074666,0.001645852118845793,6.413413235452964,0.0026847588891220995,14.61725728598915,21.16587151242571
-0.0515020952212197,20.146916529631053,0.0016458710309110519,6.413862593597455,0.0026858531913266947,14.613458961823872,21.161133177175294
-0.051502079945080596,20.145564238143155,0.0016458850627233432,6.41430052785601,0.0026869187610522875,14.609771296741654,21.156538882612686
-0.05150206822344942,20.144265345244154,0.0016458950090528339,6.41472955684182,0.0026879575960807515,14.606209022228713,21.152104793305092
-0.05150205428393314,20.142984858006262,0.0016459048605728089,6.415147975279508,0.0026889693143425167,14.60275155733222,21.147806295176544
-0.0515020433466869,20.14175219318865,0.001645913071976732,6.415557581376587,0.002689955511890409,14.599410033741234,21.143655966500834
-0.05150203064893134,20.140538334907763,0.001645916509428581,6.415957125043948,0.002690916137269708,14.59616761421369,21.13963329048581
-0.05150202048461232,20.139367337380214,0.0016459198339811771,6.416348144637771,0.0026918525871843283,14.593033471477463,21.135748421730803
-0.051502008780122455,20.138217031258346,0.0016459232143012437,6.416729631250918,0.0026927646032456594,14.589993075539649,21.131983801036725
-0.051501999155106636,20.137106647652757,0.0016459243277586312,6.4171029361428635,0.0026936536759305926,14.58705263691486,21.128346421144407
-0.05150198868271941,20.13601646695117,0.0016459217028459013,6.417466951100709,0.0026945197889818072,14.584200627421955,21.124822341636058
-0.05150198002791373,20.134962816310516,0.001645920023683222,6.41782292937258,0.0026953640079220367,14.58144209822454,21.121416619831805
-0.051501970384237185,20.133930743244992,0.0016459133186929884,6.418170434603465,0.002696186454787675,14.578766661763773,21.118117002453253
-0.05150196222542541,20.132932217243738,0.0016459085890477715,6.418510261827671,0.002696988153092717,14.57617858603798,21.114927671176126
-0.05150195357636607,20.131953450513354,0.001645901664122141,6.418841785328088,0.0026977692272371076,14.573668531214523,21.111837763492485
-0.0515019462143796,20.131005416991236,0.0016458940439416279,6.419165878667029,0.0026985304972928464,14.571239482089316,21.10884997562354
-0.05150193848614006,20.13007791340818,0.0016458859145995243,6.419482158909516,0.0026992722784833184,14.56888426297287,21.105956120480386
-0.05150193188032788,20.129178976489985,0.0016458759944460227,6.419791386007137,0.0026999953380151755,14.566604253475793,21.10315712579925
-0.05150192445047967,20.128301090481635,0.0016458638660997373,6.420093218003464,0.002700699890772771,14.564393680759183,21.100445602719116
-0.05150191781678589,20.12744941393072,0.001645851319902571,6.420388173820617,0.0027013866384984642,14.562254233314691,21.09782345479633
-0.051501911601066985,20.12661689590067,0.001645839810077642,6.420675976481344,0.0027020557551111313,14.560179850581388,21.095283655213272
-0.05150190622263581,20.125808876576794,0.0016458294039907388,6.420957168478672,0.0027027079706091113,14.558170928777129,21.092826149590568
-0.051501900439238066,20.125020231661104,0.0016458158738301837,6.421231555246202,0.0027033436640883307,14.556223100208681,21.090445389510855
-0.051501895305976125,20.124254291442824,0.0016458027831485309,6.421499561072705,0.0027039631886466237,14.5543372583101,21.088141979780886
-0.051501890250329425,20.123507112085143,0.0016457883526878507,6.421761180644199,0.002704566934580785,14.552509081116863,21.085910735713274
-0.051501885797707134,20.122781392833055,0.0016457712140667698,6.42201672030288,0.0027051554330774627,14.550738157066778,21.08375162647663
-0.05150188117736632,20.122072753706593,0.001645755279288055,6.422266091034766,0.00270572901723278,14.54902132746035,21.081659987479135
-0.05150187704523381,20.12138432731052,0.001645738245943798,6.422509664083097,0.0027062880932455465,14.547358077333053,21.07963500393531
-0.05150187277633435,20.12071340789399,0.0016457220865200876,6.422747367249917,0.0027068329178533473,14.545745764118115,21.077673700394826
-0.05150186888982897,20.120061528045078,0.00164570511938101,6.422979534477296,0.002707364054538068,14.544183967114359,21.075775275553426
-0.05150186514590259,20.11942507327212,0.0016456875867893238,6.423206110743531,0.002707881713555785,14.542669796630635,21.073936326836392
-0.05150186174486156,20.118806786772122,0.0016456721108887562,6.423427371948205,0.0027083862590172748,14.541202302817611,21.072155421868946
-0.0515018587613965,20.118204031462437,0.001645654598086778,6.42364338522884,0.0027088780423934976,14.539779531176544,21.070430013388147
-0.05150185616186294,20.117617357154423,0.001645635602886874,6.423854271660225,0.0027093575013917904,14.538400955316359,21.06875923500501
-0.05150185325995004,20.11704587567279,0.001645617624055092,6.424060141903673,0.002709824810348915,14.537064086601836,21.067140548325124
-0.05150185062930413,20.116489804058016,0.0016455982490376085,6.424261062888606,0.002710280332008744,14.535768560878548,21.065572976566777
-0.051501847851924416,20.115948364722872,0.001645578574476949,6.424456977486436,0.0027107243582555887,14.53451306145701,21.064054297191987
-0.0515018452718727,20.115421560533388,0.0016455611998083682,6.424648255448038,0.0027111571400369825,14.533296204271704,21.06258342260935
-0.0515018429506927,20.1149075903101,0.0016455431248627462,6.42483492036874,0.002711579021891181,14.532116024952423,21.061158441543405
-0.05150184082306378,20.11440779766736,0.001645524092885071,6.425017161438606,0.002711990311785188,14.530971929161101,21.059778081110185
-0.05150183854433251,20.113921365126462,0.00164550433098298,6.425195106941069,0.002712391261320125,14.52986250657596,21.05844025823414
-0.051501836403949584,20.11344807041444,0.0016454856913096702,6.425368710266194,0.0027127820911418865,14.528787145140651,21.05714388070743
-0.051501834661081554,20.112986468287563,0.0016454675326308807,6.425538156985643,0.002713163008481106,14.527744455760018,21.05588797645868
-0.05150183307273668,20.112537036215357,0.001645447686359086,6.425703626567905,0.0027135343520208934,14.526733466193656,21.054671213942402
-0.05150183136006786,20.1120993389111,0.001645427847547262,6.425864977856094,0.002713896385848143,14.5257532285192,21.0534918973798
-0.05150182976167763,20.111673560762103,0.0016454102900517195,6.426022385614357,0.002714249394007738,14.524802893573872,21.052349408625627
-0.051501828908004345,20.111258294654423,0.0016453906947273456,6.426176240845742,0.002714593479149862,14.523880514604343,21.0512416430697
-0.05150182823032763,20.110853982519615,0.001645371623375572,6.426326440389065,0.002714928843334883,14.522986505024626,21.050168211747494
-0.051501826702614065,20.11046087235726,0.0016453547152817905,6.426472740915276,0.002715255898725501,14.522119851384392,21.049128048692403
-0.05150182524271077,20.110077666687395,0.001645335786062066,6.426615473900084,0.0027155747620702716,14.521279230747497,21.048119706692404
-0.05150182458359487,20.10970411695451,0.0016453162583229216,6.426754864944491,0.0027158855142658225,14.520463773182804,21.047142471160267
-0.05150182404332216,20.10934049511937,0.0016452969119657053,6.426890924281302,0.002716188476107763,14.519672975272538,21.046195221663606
-0.05150182267745572,20.10898689793573,0.001645277643522308,6.427023590424291,0.0027164839090820787,14.518906301629382,21.04527699149875
-0.05150182135560063,20.108642843253755,0.001645259254079612,6.42715295514566,0.0027167719421412645,14.518162549637731,21.044387107431138
-0.05150182086567308,20.108307209863522,0.001645241312283844,6.427279308499332,0.0027170527422279217,14.517440874664858,21.043524100845577
-0.051501820460071325,20.10798017066194,0.0016452240482483264,6.427402610525084,0.0027173265040281638,14.516740840999583,21.042687026144826
-0.05150181972062367,20.107661476184475,0.0016452063826234557,6.427522965543281,0.0027175934295197955,14.516061849657344,21.041875721858517
-0.05150181903455397,20.10735118567112,0.0016451882826781553,6.4276404586354765,0.002717853674359357,14.515403410705343,21.04108936859224
-0.051501818155280266,20.107049465178633,0.0016451713460964065,6.4277547879741235,0.002718107340941382,14.514765064467445,21.04032720562813
-0.05150181731731302,20.106755752436143,0.0016451536002921661,6.42786631569879,0.0027183547197617906,14.514145298162353,21.03958822932721
-0.05150181707075885,20.10646912662646,0.0016451370734518699,6.427975424143073,0.002718595946663076,14.513543758202003,21.038871280826793
-0.051501816869783515,20.106190217088482,0.0016451206086526378,6.4280818434812605,0.0027188310771417696,14.512960648386061,21.03817623542279
-0.05150181653124341,20.105918447330133,0.0016451022750339063,6.428185516828547,0.0027190603390533433,14.512395280856845,21.037502321342654
-0.05150181623379491,20.105653763828464,0.0016450842530147832,6.428286621075877,0.00271928392368318,14.511846351669867,21.036848456002087
-0.05150181604048009,20.10539594179758,0.0016450676558160476,6.428385445523665,0.0027195018658808514,14.511313452140236,21.03621436715484
-0.051501815877277334,20.10514458003506,0.0016450514586318905,6.428481866266027,0.0027197143847109014,14.510796575574291,21.03559955248748
-0.05150181559815113,20.104899440623125,0.0016450351311672498,6.428575815219991,0.002719921672657375,14.510294826787565,21.0350028427212
-0.051501815345906865,20.104660573073918,0.001645016707953671,6.428667834435407,0.0027201241603809078,14.509806703105886,21.034422949825597
-0.0922360037739566,-41.26083791769619,-0.01204562449972788,21.858948855375626,0.0008500558861376295,-21.194051391435732,23.665018131736232
-0.09208062881519198,-37.47999029163605,-0.012159685746706178,21.787676872587646,0.0008273532392480132,-20.56086741250417,22.972588246527543
-0.08699779248044157,-33.58817244321533,-0.012528140991940447,22.242261046980808,0.0009157387398853796,-21.022747573526303,22.95964702849583
-0.08220022415142934,-30.504403006245813,-0.0128480284352389,22.679782024702842,0.0010042059760287144,-21.549584753639394,23.045665746406925
-0.08623273535690038,-35.0449467174654,-0.013835792827208773,24.827518284460787,0.001093100847418398,-26.22991565731557,28.520455398633608
-0.08788733758587727,-37.364515206332975,-0.014824601395141027,26.432740551910253,0.0011727386382629295,-29.98189427991608,32.87733116381966
-0.08510856095560154,-34.55869985653297,-0.014581731996116069,25.573175981188648,0.0011593536233524709,-28.723995196091813,31.420479325090565
-0.08446221401544729,-34.31902772013733,-0.014292484353409431,24.97877798739941,0.0011686415717047168,-28.291942270757932,31.015283616893996
-0.08221025210487519,-32.478801702122695,-0.013915303566728964,23.92429117750918,0.0011480198532004004,-26.87837045967195,29.362937758441145
-0.0839721035134823,-34.625801088875335,-0.014223518980297308,23.992006872838928,0.0012184728999220025,-27.825098123039723,30.771742541874886
-0.08526961602905221,-35.807600272225784,-0.014835758161592029,24.68442795913022,0.001313165673302567,-29.313485750798414,32.54697248584432
-0.08207236595571984,-32.22522172013811,-0.014709817472229835,24.230849775806334,0.0013021815868762684,-28.051662577323434,30.794551347211577
-0.08053559584201316,-31.057676049542156,-0.014405926861711727,23.30348865345075,0.0012766623584709515,-26.815401571864356,29.449061368110602
-0.080080541835901,-30.911183433601,-0.014261883113058807,22.740461649638565,0.0012752928192100797,-26.12714417689357,28.75510684374791
-0.07898199023592159,-29.56737156231636,-0.01409207823594353,22.44339561370117,0.0012733076986735643,-25.297708211770868,27.714071948671954
-0.07815353987555497,-28.69627950640819,-0.013934962439339274,22.109948961269197,0.0012746132225646915,-24.607582467220364,26.878599041157344
-0.07791085954287871,-28.674102361898168,-0.013908401247239398,21.77449313087479,0.001280614289147429,-24.138809432763356,26.412927828325543
-0.07743494671325196,-28.492712034404427,-0.013857238309270867,21.402869358155254,0.0012846665127033557,-23.627080640531716,25.870938459648578
-0.07679254864071637,-28.019762933803428,-0.013765604177592948,21.100166622649834,0.0012883900682214692,-23.09418995700125,25.250589414991655
-0.07722832079488862,-28.711417481436587,-0.013853826452498668,21.11924301503965,0.0013236206588290826,-23.19413487890861,25.41889993191988
-0.07696119448218457,-28.52717152832054,-0.01383099728240622,21.114297426865193,0.0013472042727999667,-23.047356982439904,25.20148622779758
-0.07631530129550661,-27.847509158862277,-0.013747318978614191,20.976517174030466,0.001354763481914224,-22.607117937015026,24.64079229871828
-0.07636315614908891,-27.999352864701585,-0.013787628023295076,20.861000077398582,0.0013714184103925042,-22.40240669419658,24.46530620490526
-0.07617824431997042,-27.859054628727044,-0.013778244422606719,20.717757535777963,0.0013830378232236686,-22.103615607513355,24.147634332857677
-0.07602679351698018,-27.799082735728298,-0.013760595595560726,20.615567250219115,0.001399477036698932,-21.898723553008345,23.918683206316775
-0.07594962507271465,-27.757313806849332,-0.01376325368898919,20.559450381036314,0.0014172465236735059,-21.72947835408055,23.729814027236642
-0.07564337271579553,-27.36897391512269,-0.013721757560421158,20.43562480071911,0.001424276862593176,-21.379430984397736,23.319179966456584
-0.0753927207185126,-27.046193068697832,-0.01368550715233147,20.333366150570534,0.0014329135490718532,-21.075114575152337,22.962667761661102
-0.07616286969434666,-28.005407431031763,-0.01385670403920389,20.553280976497923,0.0014825739163696096,-21.502791207338085,23.50087847186772
-0.07554281241486935,-27.21613176917277,-0.013775130375894614,20.44421630353923,0.0014854155386822576,-21.109618458037552,22.983581852740805
-0.07546594361842114,-27.118648370212483,-0.013758884901144247,20.51367569907597,0.0015091938672136998,-21.098279514493345,22.91955443537983
-0.07578882590622596,-27.625413885227875,-0.013902190198202255,20.592105195020032,0.0015418973984660685,-21.25486151287813,23.15348753271911
-0.07542282260872488,-27.150362841005002,-0.013852320433737145,20.38015962589357,0.0015393794696293825,-20.80207638912771,22.66556905081802
-0.07533782172992931,-26.9414382533101,-0.01379896103488673,20.28911507886561,0.0015476352516935311,-20.552981544604755,22.386079865708265
-0.07528551910740713,-26.81289068689983,-0.013794307472915608,20.244754945329717,0.0015598818075893367,-20.386184586746243,22.197287515180715
-0.07522922686895722,-26.68927417506511,-0.013789483162697704,20.19621701942279,0.0015716130104613231,-20.22190050858431,22.012253628919034
-0.0752567532494195,-26.68479345037187,-0.0138057098762697,20.1872277914086,0.0015876458434772582,-20.14081494629424,21.92495905115234
-0.07528984059718999,-26.675537625766278,-0.01382486164731586,20.189958515894826,0.0016038208498036853,-20.070857514177796,21.848773492374793
-0.07503298958916323,-26.29976554362395,-0.01379437890319833,20.113439977923203,0.0016081917030013524,-19.813824523934468,21.540824861431542
-0.07540946467229712,-26.674458872029636,-0.013851904961017113,20.177847457561352,0.0016339704894995036,-19.917358099745407,21.68930656917571
-0.0754156450750237,-26.622241892207416,-0.0138602815185452,20.21620059518364,0.0016511844989945284,-19.896196459751664,21.64518353326627
-0.07509056976509725,-26.2075361555096,-0.013837622450363941,20.135854834358515,0.0016539779043496202,-19.637692476704924,21.33489766997329
-0.07504923972232337,-26.111513691368113,-0.013845589645841068,20.090365980554676,0.0016635287584111855,-19.496797577864776,21.188934975087644
-0.07500500197215401,-25.993315727260015,-0.0138417348131707,20.067096991184474,0.0016738145005745285,-19.382178019406094,21.05695540339858
-0.07505790995970751,-26.008810418892324,-0.01386037371384015,20.076825389085975,0.0016883881639392323,-19.345414183204507,21.019457131598916
-0.07484782828740139,-25.694303339343907,-0.013835681747506053,20.01565779616653,0.001692115294361394,-19.1407191753005,20.77401000230384
-0.07529829420626746,-26.158129230485827,-0.013906360345776839,20.104068686795916,0.0017189708288481518,-19.31169512530969,21.00271131952589
-0.07500911554664512,-25.770702028334725,-0.013871929561663523,20.10676897021703,0.0017258183549972203,-19.186085294470367,20.811814904603093
-0.07479415168434465,-25.511864879152345,-0.013898411159757224,20.04515082471035,0.0017298380147081848,-19.002553909114358,20.60186971830927
-0.07493723956260713,-25.630535265727463,-0.01392482855101102,20.034440018718282,0.0017429147713328213,-18.967504490380218,20.590026712598913
-0.07487778383644508,-25.4807109416682,-0.013890930381622413,20.0095391933414,0.0017501455382737314,-18.85459025203422,20.455696504010433
-0.07485167112010993,-25.393414202977464,-0.013891322637317028,19.994413072094325,0.0017588853283282513,-18.771845558127296,20.361311716195743
-0.074841907420119,-25.327580380189485,-0.013895641098620536,19.984980881197412,0.00176809416925038,-18.703364336045908,20.283964653560933
-0.0748217140957694,-25.248318731049668,-0.013897086114217989,19.970826415441152,0.0017764210322358807,-18.6265846010096,20.197284488894823
-0.07484455044896995,-25.22158580317237,-0.013903830881201043,19.96704669154132,0.0017860855219435517,-18.576709127522957,20.144041689174042
-0.07484126844337775,-25.169199192939068,-0.0139099185084899,19.960532501198664,0.0017948831098906803,-18.519102098966194,20.080019376398166
-0.07479947057394778,-25.076329966232052,-0.013914235998773413,19.951552061151087,0.0018025726253315486,-18.450945012812607,19.99964580407429
-0.07480296696913423,-25.036247458780466,-0.013922455316511186,19.95157499929633,0.0018115484973019033,-18.407973844810517,19.951207910661935
-0.07481535100133664,-25.000867259868528,-0.01392599958287642,19.946119474814274,0.0018199577460657848,-18.359469103312186,19.899108012617276
-0.07477598593376746,-24.91350480139357,-0.01393077388617909,19.93849452883848,0.0018271076215462436,-18.29845318314065,19.8269044057788
-0.0747302723282836,-24.818739123482054,-0.01393344282509136,19.928279036911103,0.00183369028484558,-18.233442222960353,19.75011554479883
-0.07480043720966081,-24.869889108037565,-0.013953445753985686,19.94930805258556,0.0018449046727364528,-18.245348324733307,19.768307090521706
-0.07484531833307329,-24.886624598090986,-0.013969819554867572,19.962686832366863,0.0018548043103551713,-18.239871378609763,19.76521226221953
-0.07454900584837075,-24.469826167987065,-0.013925100481021954,19.876658361152757,0.0018496218124821788,-18.002987946379385,19.479099915371872
-0.07512727748559078,-25.106443812386903,-0.014018599483485102,20.004932214075126,0.0018782399317676546,-18.29235219941194,19.848650795417786
-0.07535214462613785,-25.337699012204915,-0.01407176933787233,20.00255632514023,0.0018906659065033343,-18.316015738858088,19.915049552187387
-0.07485558600603116,-24.74995574397619,-0.014025891464614982,19.93586108788022,0.0018834416379640065,-18.072391069656508,19.591732367646905
-0.07464708792789454,-24.47175058214274,-0.013988167930728632,19.919043477657347,0.001884682259727333,-17.96334062601711,19.44091607904466
-0.0746548396714281,-24.42278989477713,-0.013978596570362354,19.901923627537563,0.001889804703621824,-17.905510882562606,19.37942432796786
-0.0746289364358926,-24.34759988500668,-0.013979948068597913,19.891999847535473,0.0018948344361953589,-17.854174072731638,19.319996104407345
-0.07460287755795225,-24.27537958871619,-0.013980626098549331,19.88185348372913,0.0018996980728560478,-17.80381342841319,19.26232805962187
-0.07452376812033318,-24.12681402900877,-0.01396823152658702,19.850271237045074,0.001901309738491878,-17.70599755203506,19.148640944619366
-0.07447289206965552,-24.023659840820535,-0.013962266345917488,19.831406839290903,0.0019044541307475752,-17.63770254337938,19.06933805990234
-0.07479427603177752,-24.396840755876056,-0.014027201796871204,19.926605702133557,0.0019244372796048837,-17.83383542247997,19.310799393649837
-0.07427665493796896,-23.724905953041695,-0.013952700417830253,19.813447509614765,0.0019106809318315808,-17.517888992835957,18.912467971543798
-0.0752020916408594,-24.71807948650164,-0.014093813392599663,19.957213018521283,0.001945216394483175,-17.91330505568488,19.443290436180284
-0.07505254360020801,-24.6326340899111,-0.014155566000440486,20.025888830335145,0.0019550152000269243,-17.97776449507638,19.488096466861855
-0.07453357458195801,-24.034816229228714,-0.01406642813109691,19.93012759320701,0.0019434161343576711,-17.700107330482886,19.13550042237521
-0.0745263927785667,-23.94716866006928,-0.014025567590147704,19.87882396340484,0.001943749673965029,-17.59278102991903,19.023834449614355
-0.07457705434946757,-23.955359611736647,-0.0140314833170553,19.87726925703381,0.0019491748787896076,-17.576941292725795,19.010886462882723
-0.07460241081961665,-23.94941745343823,-0.014040402303793447,19.88072233650376,0.00195464513929947,-17.565969329399,19.00096051096202
-0.07438138217040688,-23.652610835213686,-0.014014160632722997,19.82980912154424,0.0019508167735831806,-17.41835247337938,18.819165871265856
-0.07426093841368422,-23.492452659806343,-0.013994971393901169,19.84275227293197,0.0019536430463073335,-17.390676879420703,18.76462750100209
-0.07440580156709149,-23.623690829172368,-0.01402266843014837,19.846209425007093,0.001961216654270484,-17.41162894425,18.809720953215777
-0.07445794383048193,-23.64214369105217,-0.014036232544263104,19.833729750585977,0.0019653795456817612,-17.384904589053004,18.791932920321788
-0.07446393296911916,-23.614522303792988,-0.014038033168989317,19.834665074936144,0.001969404533288865,-17.366570684192403,18.771538766829718
-0.07447167076140451,-23.58856562954424,-0.014038110733309182,19.83019852090818,0.0019730069678647036,-17.34194775220242,18.746343772384808
-0.07443724430577396,-23.52224249809182,-0.014041171863225376,19.826143520912353,0.0019757894641591403,-17.310214562814693,18.70771559973581
-0.07443889255138485,-23.49742487692237,-0.014047217202942948,19.828507736370202,0.001979660497554353,-17.29640204541736,18.692388097858096
-0.07439716031878246,-23.42484516266444,-0.014048434712800291,19.822740747051338,0.001982013684449424,-17.262306636919032,18.65105450775751
-0.07439582366361061,-23.39468303409015,-0.014050401520818531,19.81961727317279,0.0019851956743797495,-17.241009045010014,18.62841870121327
-0.07441963269072596,-23.393705953075543,-0.014056683956264525,19.823717059831804,0.0019892950403395493,-17.23593189203339,18.6251190793197
-0.07437140444008622,-23.315708309217445,-0.014057939318279424,19.818089939730804,0.001991239828739211,-17.202096230702004,18.583157180884808
-0.07435908750829995,-23.27638532881928,-0.014060518291087062,19.81660504389942,0.0019940650213152544,-17.1825221968798,18.560397574322206
-0.07435991452173205,-23.249818584281723,-0.014062732822843949,19.81408718172621,0.0019969507231174456,-17.164372175365195,18.541351569091404
-0.07433047089494135,-23.194268803596408,-0.014064742875104173,19.81058819858264,0.001999152602605367,-17.139317204092237,18.511377238171953
-0.07435151810846106,-23.19263027275042,-0.014068691659627212,19.81091515915818,0.0020025158956874997,-17.131103537713273,18.505669245682387
-0.07434878703680697,-23.1644623363798,-0.014072289381095787,19.810480182239147,0.0020052331368056596,-17.116426478794658,18.489290979530885
-0.07431870001489896,-23.105139427679045,-0.014072085730448412,19.80431760430217,0.0020068780112809186,-17.0873611875601,18.454814659506262
-0.0743988818395897,-23.189519324704513,-0.014091984539328757,19.83172089615025,0.0020135949456804346,-17.137226991703677,18.516256418963696
-0.07413804503104171,-22.83925755478298,-0.014051754959233975,19.760244597078884,0.0020050189657341237,-16.95545813906219,18.295253362630223
-0.07398698375114249,-22.632119321874793,-0.014024111760345575,19.718505037874376,0.002000911217507241,-16.84626216870952,18.163294604000836
-0.07386081096350096,-22.50085219030968,-0.013986422890989189,19.782436909165696,0.0020052921540675128,-16.904665957845577,18.18771951307763
-0.07422396040256922,-22.898469770609367,-0.014039088290957558,19.889981204382725,0.0020228132627714535,-17.134323419313866,18.45754158619534
-0.07433584549030367,-23.03202950644282,-0.014103926575761936,19.858783133948666,0.002027035709232934,-17.121074640565947,18.48412126202755
-0.07427151377790514,-22.933121875080552,-0.014102393951938524,19.811222440058014,0.0020249647996614943,-17.029877250621038,18.392957236344742
-0.07428022242378056,-22.91033033693489,-0.014097815672062313,19.80466239229257,0.002026575398338385,-17.008466677215775,18.37067408305092
-0.07426103208603393,-22.863697708973287,-0.014098086152134934,19.798202282998748,0.0020277087311620745,-16.982794486123122,18.341075385033804
-0.07426461947748543,-22.844262250874372,-0.014100796877392862,19.796744216246246,0.002029618048651227,-16.96978590269199,18.327667889163607
-0.07416738555692304,-22.692582180920283,-0.014084813000882932,19.764141761989983,0.0020266596974459223,-16.883946411355595,18.226145449975792
-0.07411525174587998,-22.607369398483723,-0.0140774847216904,19.748730243801337,0.0020260998870031055,-16.83820152785434,18.172084873931972
-0.07447126974791132,-23.041124326878148,-0.014147449881194452,19.855998080601843,0.0020442033775743287,-17.077242814598925,18.463462930637743
-0.07385527551874398,-22.26448320405553,-0.014053869232258978,19.719320529989155,0.0020222425543039487,-16.718362080738743,18.010921805819713
-0.07408243762648084,-22.55528363833848,-0.014057895858778171,19.906638096151504,0.0020413064345802296,-17.024924876168612,18.31924921928965
-0.0742286353651813,-22.780576549780466,-0.014152015899229882,19.915794559960766,0.0020501462222075957,-17.098102888125627,18.441931937386478
-0.07419231093079984,-22.69240895935893,-0.014144759363137686,19.83086864242362,0.002045651986632471,-16.964634995338898,18.318743893258347
-0.07416166689084366,-22.5991012290889,-0.014119244392714858,19.792154682991654,0.0020430134151133974,-16.884319828105596,18.230794455470786
-0.07423979115097451,-22.669683277353506,-0.01413292486028364,19.807456957516276,0.002047264785963781,-16.915324169696998,18.27168216710935
-0.07404546964177225,-22.421427088796744,-0.01411065276114854,19.766030495187394,0.0020415092891458973,-16.800282465693652,18.1282783329015
-0.07438057361144926,-22.768835756435326,-0.014140586931128716,19.814628675459517,0.002053149221861445,-16.935581558914865,18.30971716745034
-0.07422163275075064,-22.58126552214692,-0.014139923847213232,19.810717017577215,0.0020510719741785354,-16.88656154766987,18.2338538952884
-0.07413156686280124,-22.465212929500417,-0.01413252573805668,19.784575951088065,0.0020488292779586017,-16.820714496230384,18.158553277903174
-0.0741293880811381,-22.43958608104257,-0.01413169741440526,19.77676786670409,0.002049368575918485,-16.79889588698915,18.137179552406096
-0.07414713548893398,-22.440657275496665,-0.014136067127154215,19.78166993235476,0.002051237648978039,-16.801072488664857,18.14111897052546
-0.07412141958939165,-22.394609635838062,-0.014138468257860226,19.7817730493702,0.002051855680781194,-16.78702815014274,18.122433230257514
-0.07411514561485918,-22.367614701369366,-0.01413840168876636,19.777923108721204,0.0020525411822648666,-16.771614257035896,18.106429784949917
-0.07413325859580588,-22.370376211298414,-0.014143196717560142,19.781925063441985,0.0020542810538740942,-16.7734983770985,18.110766144012523
-0.07414002361426703,-22.356555865997077,-0.014142788951141192,19.779804826429885,0.002055254764713243,-16.763550379189482,18.101648483984974
-0.07410457296983201,-22.302749968275876,-0.014145708600376002,19.77842171746578,0.0020554825565523836,-16.746592276761685,18.07930337574666
-0.07411333464762296,-22.29781953609015,-0.014150875279521411,19.78302639074875,0.0020570169215780383,-16.74827248669783,18.082120578152757
-0.07412357457670381,-22.287880852054258,-0.01414991702113798,19.780425905348917,0.0020579333977528797,-16.739004887992486,18.074404837220786
-0.07408625831191427,-22.232913385293404,-0.014152870207712854,19.778925861570954,0.0020580334151658057,-16.72220562675626,18.052072928399
-0.07409562670883502,-22.229547014757095,-0.014158025729061685,19.7835867055818,0.002059509749684011,-16.72487663465359,18.05610289693823
-0.07404506962980964,-22.15928095905426,-0.014157366470137187,19.777850708916112,0.0020589870054311893,-16.69953946498873,18.02390759081219
-0.07405554674596665,-22.15331837536853,-0.014158777625400876,19.77729200873414,0.0020599846384972537,-16.694789464149416,18.021013866691153
-0.07408144869028724,-22.16663708705384,-0.014164626494016737,19.78357700488147,0.0020617820136919155,-16.7035870905288,18.0332679302091
-0.07402449805368054,-22.09008867887479,-0.014163935125652128,19.777767034289653,0.0020610370437051714,-16.677133845250417,17.998944820617695
-0.07402217015367683,-22.0720592274904,-0.014166149240832596,19.77902646649708,0.0020618325006379256,-16.672819102193237,17.9941100462692
-0.07403843459383573,-22.07226441390025,-0.014168226763423624,19.779195235484973,0.0020628786157242444,-16.67072995326586,17.994678217591403
-0.07401076222054884,-22.02367543816778,-0.014166810993783304,19.772857237342237,0.002062505563226932,-16.64934254719783,17.969591403187813
-0.07410371859724395,-22.133957652123964,-0.014188798129533055,19.80596854204257,0.002068016069848448,-16.718281779696163,18.05294760552797
-0.07379693515777087,-21.733130632255854,-0.014138845110679883,19.721803798299668,0.0020553598449580346,-16.51288296715318,17.802640909179473
-0.07458891698018051,-22.656820366633973,-0.014264827464821243,19.907166393424458,0.002087156869293343,-16.967680629858933,18.37127281965025
-0.07385419412765346,-21.793684686002486,-0.014152740513842776,19.837887102755005,0.0020665249895268777,-16.68706168219031,17.967294633940305
-0.07394165978557239,-21.949843384164463,-0.014243778182787527,19.819501772750836,0.0020701467036419205,-16.700462450714532,18.018280589288825
-0.07400113907120573,-21.986322448379802,-0.014222948266715862,19.808264183409015,0.0020710207934235983,-16.689861390143992,18.018290575615197
-0.07396396624435117,-21.89943491509307,-0.014189909268852795,19.786552433158597,0.0020685365379096163,-16.637088472373538,17.956594626513358
-0.07395042784693297,-21.86302488141486,-0.014187998754826752,19.78016445037938,0.002068142970047905,-16.61807289977129,17.935030119662354
-0.07395158052749186,-21.84371717946536,-0.014187582330629802,19.776287739613526,0.0020682308305309057,-16.60638280407596,17.923234590225373
-0.07397279887741527,-21.8491723680288,-0.014190823536958472,19.777818017621872,0.0020691337786371664,-16.607162874981636,17.926961668850584
-0.07386433120677434,-21.688338089689484,-0.014171861160915027,19.7424359275793,0.0020641139639938403,-16.519473801529635,17.822698167711188
-0.07382343376002659,-21.623508905101,-0.014165541041332011,19.731178835421538,0.0020626197474841908,-16.48806549765776,17.78547015230259
-0.07422107910259923,-22.115300852629396,-0.014243048017851338,19.851232504537567,0.0020813037477848424,-16.761405418538825,18.11776108017697
-0.07349066077823974,-21.203254641808797,-0.014128034815144526,19.685850754556334,0.002052954398429773,-16.33686971609597,17.58349456950122
-0.07385616104165571,-21.67460081696118,-0.014151454650991276,19.9197000900601,0.002076981579320559,-16.74870140717654,18.015416941834303
-0.073937113343627,-21.82728563485768,-0.014246102977883642,19.89285681026419,0.0020810463214295284,-16.762961802530885,18.077139997347246
-0.07391118837582158,-21.7475288194207,-0.014227132337377586,19.814973504986646,0.0020755907199243406,-16.642017506832218,17.964289570871866
-0.07387846951189057,-21.659158805266276,-0.014203374350822955,19.778552716394824,0.0020718215724004636,-16.569132491531718,17.88400160645409
-0.07397073266028506,-21.754014967630216,-0.014219511178926336,19.79955411817988,0.0020756382229852213,-16.616516143627713,17.944032938540484
-0.07374234673385872,-21.469151204098495,-0.01419073055091511,19.749807189623542,0.0020672390121586224,-16.484965591368532,17.779827086804673
-0.07415980843136621,-21.916009200316793,-0.014230479890396495,19.815447006458268,0.002080805050392634,-16.668012894858936,18.02099166364984
-0.07391966367827627,-21.643904562937795,-0.014221516773245785,19.801876229124787,0.002075141395571807,-16.590570658399827,17.905009971970358
-0.07386448957870116,-21.570827203322203,-0.014215069769037145,19.776486636424455,0.0020725937215956883,-16.53742165203631,17.84916127471327
-0.07385637857772358,-21.542852104707848,-0.014213387309348539,19.769673084577214,0.0020719782593761854,-16.51904104993573,17.83037071335351
-0.0738811771204778,-21.55705064110142,-0.014217764810744824,19.776184989088897,0.002073077228672993,-16.52872156914065,17.843317779339316
-0.073872739719598,-21.532545546693655,-0.014217890841787689,19.773144590270032,0.0020727872581827174,-16.516936197446995,17.830877165605592
-0.07384452523992646,-21.486914200784224,-0.014217863123615858,19.770953681524205,0.0020721025086920535,-16.501882389115192,17.81149045814775
-0.07386736617806583,-21.501344020597664,-0.01422310203968777,19.777984864234558,0.002073227131288135,-16.512874471431136,17.825767042740402
-0.07383671826565305,-21.455898051207846,-0.014224957058378842,19.778498582420283,0.0020727373224985394,-16.502301042855176,17.810301693008764
-0.07383662363285085,-21.441272467886897,-0.014224309918944867,19.77521842777462,0.0020726037717647455,-16.493002486245828,17.802041346221618
-0.07385757687238298,-21.453221229922786,-0.014229199477724499,19.780797626887313,0.0020735587660635603,-16.50164924471995,17.81394871110476
-0.07386539789593811,-21.44488720426377,-0.014227281737413272,19.778123493544662,0.0020735549294634394,-16.494517823202422,17.80827545591444
-0.07382515391155255,-21.392299625074706,-0.014230324487540361,19.77758185462813,0.0020728291273293155,-16.481350434448245,17.789454228572204
-0.0738419884904374,-21.401339916324293,-0.014235073308243033,19.78328299199499,0.002073714859508627,-16.489777590191572,17.800639041429466
-0.07385235989943194,-21.395615329284638,-0.014232689243027508,19.78003964485893,0.0020736999675318155,-16.48262705712521,17.79545375381344
-0.0738217445730735,-21.35366051613731,-0.014235386747236227,19.778441324720784,0.002073095367649821,-16.47048015419199,17.779589967328047
-0.07380962124264916,-21.329854004084726,-0.014237394921161895,19.779396578083475,0.002072980851965985,-16.46559232087688,17.773048948207013
-0.07389162679619864,-21.430707155770875,-0.014258008707671493,19.811106876467033,0.0020775309796654258,-16.531458607926968,17.851797673512525
-0.07390716615755571,-21.441054865886894,-0.014264858313141235,19.818798319160685,0.0020786717949099415,-16.54358569055384,17.86670826065234
-0.0735438787544881,-20.97077743161436,-0.014202728877115819,19.717282958540483,0.0020627040580839693,-16.299521847045078,17.56952509095075
-0.07442265818542727,-22.00403790221621,-0.014342532474802843,19.92488084625877,0.0020976166521329055,-16.810002474152764,18.20643210392906
-0.0735318698393956,-20.96284330849579,-0.014205452614586514,19.82451527519198,0.0020705288908268228,-16.449136940381454,17.699269579121854
-0.07366482584730938,-21.16587159375249,-0.014269758755756467,19.833555303755006,0.002075986294440851,-16.50837682812771,17.795299971519608
-0.07376198353455088,-21.244229852863523,-0.014267817186277837,19.806985662734974,0.002076277873318498,-16.48880034330426,17.797605063006262
-0.0737738405645623,-21.221941413654843,-0.014255816370833388,19.790314983709933,0.0020748611077316442,-16.4587119645914,17.768139322939483
-0.07375951883034654,-21.188765553340566,-0.01425203063327141,19.782598252113107,0.002073882301955459,-16.439616031135646,17.747227625431552
-0.07373301188923999,-21.14450964200584,-0.014251356532472831,19.77768607703214,0.0020728236925282766,-16.42184473309558,17.72530402081928
-0.0737537019850003,-21.156700192737897,-0.014255857875078257,19.782755625001254,0.0020735558383510144,-16.430158734111437,17.736621687942822
-0.0736367759368798,-20.9886751116924,-0.014234894081319364,19.745368861781717,0.0020676974273321244,-16.33895317894658,17.627724194747078
-0.07403910946762501,-21.48761418965235,-0.014311856016409436,19.86606261527755,0.002086096026348857,-16.614842344257106,17.963114370746254
-0.073212760188169,-20.46059803419486,-0.014178891696685764,19.675769573152326,0.002053163404420729,-16.13141303000707,17.35591330115982
-0.07476499648361906,-22.216819377865175,-0.014417887586244111,19.94878542610517,0.002106828401417466,-16.88552207735558,18.339324237563428
-0.07405604671276239,-21.595574073234133,-0.01447391748918268,19.909849994827212,0.002093754485152713,-16.712736839842236,18.088845874275876
-0.07371443226286992,-21.152574720097657,-0.014327539805314982,19.845539509684055,0.0020803540084172577,-16.518279912227875,17.83170200552003
-0.07369534536657334,-21.062618206264606,-0.01427683524519253,19.803864287050917,0.002075651043453068,-16.43657625243781,17.741225997116445
-0.07365957407973069,-20.991883854763778,-0.014265777713952172,19.782605990396497,0.0020728724566257345,-16.390538535023794,17.689031554259603
-0.07376402067436652,-21.10730076988272,-0.014285260743133597,19.809894354344326,0.002077127223867308,-16.452560393102253,17.766133299446995
-0.07351082827057487,-20.795451937903167,-0.014252518747054382,19.754933492982467,0.0020674016663118277,-16.309189513697824,17.586898335097658
-0.07346508377656966,-20.750604648393157,-0.014240498322566944,19.797007114506265,0.0020692239519615025,-16.35917234774875,17.6217379854566
-0.07363299890999668,-20.91861749014634,-0.014275663439435548,19.79201287124001,0.002072469130720314,-16.38818267908678,17.682076075265513
-0.06324602859278966,-5.778840798495827,-0.011065716893584307,15.713239715258764,0.0014984707040929884,-7.134013991183639,7.298574936070117
-0.06324364682933166,-5.797707634548137,-0.011065215739437395,15.72012755877574,0.0014889440542126876,-7.204686406434058,7.365873950220367
-0.05823705953033623,3.419770644804532,-0.008572988881020226,12.757073269379699,0.0011619460376311368,-0.6309697137649692,5.643700640695683
-0.05732417885669325,5.062830829117738,-0.008017107422984964,12.229619726674457,0.0010896293927080596,0.46194489168584896,5.244046940728173
-0.05185347412959053,19.285517857912435,-0.004310250665477154,8.785877783146454,0.0008423092592867368,10.73088371028373,15.764680787954422
-0.05088069462237145,21.714289445242485,-0.0034155070084908893,8.176881783676253,0.0008002010553304696,12.377170636910682,17.434892739215357
-0.05087732811770622,21.634776364349747,-0.003629190364219579,8.177872863362603,0.0008031736335857118,12.177360816246656,17.212289047955753
-0.05087396164524529,21.546963195971625,-0.003645008725316883,8.179890737182513,0.0008075824462213873,11.983631520707434,16.996966789954513
-0.0508707403776477,21.46069029388147,-0.0036434742106821907,8.182420273664773,0.0008132238253058627,11.796565052212438,16.78936628725918
-0.050867677633349755,21.376917191234973,-0.003643865798666695,8.185382040601878,0.0008199022558684545,11.616007047701167,16.589276388676126
-0.04850973605558119,34.05598039513811,-0.0006520974472716775,6.941368647697501,0.0011534575067229278,20.41411111483624,26.71665079793394
-0.048122964454231434,35.94470010833389,2.1640743804131198e-05,6.733288338176796,0.0012324721341987264,21.639084443429052,28.131218555626884
-0.04812266727086808,35.74198598438314,-0.00014774238491948552,6.7284323626665286,0.0012611257879540944,21.39604998217738,27.856341472131884
-0.0481218277524288,35.53802065780467,-0.00015439866353444045,6.724058689815776,0.0012897225850071038,21.160357128743737,27.590219066137312
-0.04812097927029904,35.33858359378797,-0.0001507063020610455,6.720160635836895,0.0013181870257018204,20.93277791480634,27.33345511050876
-0.0481201667018553,35.144631359962446,-0.00014835221136001885,6.716710759481971,0.0013464497844542774,20.713107051860188,27.085782088787987
-0.04811939975674382,34.956442137005006,-0.0001461212131205472,6.713683038482305,0.0013744488594356593,20.501051795864775,26.84685909261561
-0.04811867962671674,34.77411760647621,-0.00014406059945994113,6.7110506459984975,0.0014021304099593366,20.296341721100582,26.616365984704505
-0.04811801484633731,34.59762759952713,-0.00014220137026356758,6.708790170296745,0.0014294485503006768,20.0987142330313,26.393994845459094
-0.0481174031507672,34.42685551596285,-0.00014046140900236473,6.706877850540151,0.0014563650787771337,19.90791394579757,26.179445999873533
-0.048116849892684645,34.261638571960766,-0.00013889197669969907,6.705292123753423,0.0014828489025546033,19.72369808040651,25.972433936785897
-0.048116351604314156,34.10178446680467,-0.00013742588680829175,6.7040114778702415,0.0015088754155315194,19.545830404936975,25.77268330965526
-0.048115911459371996,33.947087480158594,-0.0001360944754837625,6.703016487764274,0.0015344254540014572,19.374084251068442,25.579927402888146
-0.048115525637799916,33.797335086999155,-0.00013484763462317148,6.70228826213389,0.0015594847352270918,19.20824000486143,25.393910872398575
-0.048115195824333684,33.65231487847287,-0.0001337177344214825,6.70180934042617,0.0015840431871269574,19.048087526671956,25.214387609633143
-0.04811491823951945,33.51182212927713,-0.00013266153352663648,6.701562296379842,0.001608094095277237,18.893423845746664,25.041120544149415
-0.048114693514080674,33.37565330383347,-0.00013169994670321827,6.701531412764901,0.0016316338134837024,18.744054062514188,24.873882861955337
-0.04811451811236586,33.243616474456175,-0.00013080053476755297,6.701701388198665,0.001654661086799237,18.599789444514187,24.712454891989978
-0.04800330363671182,37.50194324320612,0.0005418379228718006,6.638963835035811,0.0018586819591950852,21.43071954345948,28.017089209705304
-0.04798709779419804,37.88639882212688,0.0008485871314204952,6.6293828006424045,0.0019067823540573582,21.636228871171955,28.26291174326669
-0.04798825591986548,37.72599943133764,0.0008537576496539233,6.628024055990359,0.0019320831894491827,21.478666256421533,28.085189406734973
-0.0479894144510682,37.56859286348163,0.0008561409495214284,6.626903978855509,0.0019567664166867454,21.32653532044282,27.913685865479543
-0.04799054437919474,37.414765434346826,0.0008585632290548276,6.6260029696020455,0.001980843357152028,21.179603178420702,27.7481326838965
-0.04799165503658365,37.264698893287566,0.0008608122424134053,6.62530688282404,0.002004324767221478,21.037691124116446,27.58831966017571
-0.04799275255052129,37.11848577313146,0.0008629145304151179,6.624802191748373,0.00202722225970192,20.9006198593197,27.434038449110183
-0.04799384023772629,36.97614388202003,0.0008648914463865977,6.624475580024249,0.002049547259499191,20.768217608712018,27.285088792736637
-0.04799492223365059,36.837635893610184,0.0008667400732981002,6.62431477327212,0.0020713116873751374,20.640319838383977,27.141277908936566
-0.04799600037432797,36.70290137693239,0.0008684833445232258,6.624308242667779,0.0020925274215891484,20.516764867711604,27.002418908600585
-0.04799707730025514,36.571851250952,0.0008701205600818061,6.624445009303172,0.002113206340698143,20.397401600183642,26.868334760984972
-0.04799815398890347,36.44438437574249,0.000871669338468889,6.624714318318405,0.002133360365358757,20.282078924515442,26.738851573386054
-0.04799923208672642,36.3203910194086,0.0008731280960235414,6.625106513763731,0.002153001357565692,20.17065526655259,26.61380403010017
-0.048000312034613565,36.199757124683636,0.0008745203532562663,6.625612208904717,0.002172141132513806,20.062993018203255,26.493033186360602
-0.048001394813815074,36.082365149261264,0.0008758295549402981,6.626222739625417,0.002190791410063836,19.95895832597579,26.376383785007928
-0.04800248052698389,35.96810151598122,0.0008770737067018386,6.626929702419616,0.002208963713205614,19.858423117083053,26.26370788033472
-0.048003569719162816,35.85685076204049,0.0008782567378731736,6.627725380438273,0.0022266693765001498,19.761265133481636,26.154863908339735
-0.048004662260346165,35.74850199239149,0.0008793849275517623,6.628602336337562,0.0022439196370907426,19.66736535463773,26.04971515209641
-0.04800575839017922,35.642945842568864,0.0008804568470085111,6.629553732487689,0.0022607256714706806,19.57660866022913,25.948127950696577
-0.048006857858422916,35.540079349372284,0.0008814826748190051,6.630573207933181,0.0022770982540640736,19.488885740440313,25.849977014651916
-0.04811669973355305,36.877370682534696,0.001088640926766399,6.677090419965027,0.0023538463921676076,20.354464560876494,26.866054591200793
-0.048125555672810565,36.88885410701545,0.001133471317932646,6.681180706513272,0.0023755046745021534,20.342868294436975,26.85650422436895
-0.0481270728371841,36.783794113069284,0.001134269224607404,6.681807176186268,0.0023916949274248125,20.255011082383977,26.75770024529299
-0.048128522743398836,36.681096874056756,0.0011358624994493743,6.682494863975334,0.0024074655510885105,20.170066179658598,26.662212028108094
-0.04812996938351282,36.58077546413063,0.0011372901885991652,6.683248891117864,0.002422825610998786,20.087958374207425,26.569953148417362
-0.048131405926305174,36.48276458942529,0.0011386702198038605,6.684062270646788,0.0024377855812805133,20.008585938760017,26.480805741086396
-0.048132833965644745,36.387000739664025,0.001139991020294274,6.6849299724189075,0.0024523557478174085,19.931852022092652,26.394658087796746
-0.0481342538116356,36.293422395662354,0.001141261749627258,6.6858472326745,0.0024665457949434393,19.85766630426586,26.311405383815107
-0.048135665947676924,36.20196248947287,0.0011424816163279384,6.686809056527004,0.0024803658147413317,19.785937529005842,26.230942827653585
-0.04813707062765322,36.11256072006261,0.0011436544921100333,6.687811251824875,0.0024938251480580258,19.71658227601127,26.153172846533394
-0.04813846816284466,36.02515205647413,0.0011447932276756802,6.688849854098164,0.0025069328268147125,19.64951617022955,26.077999739833476
-0.04813985867498451,35.939676439855596,0.0011458908819930802,6.689920783576628,0.002519698366845714,19.58465955941068,26.00533086613272
-0.04814124237445192,35.856071372159846,0.0011469446608630717,6.691020724159558,0.002532130179899124,19.521937022044654,25.935079470731218
-0.048142619316799334,35.774278676834726,0.0011479707352527672,6.692145934488356,0.0025442370687053088,19.461273988665276,25.867159938300503
-0.048143989615384686,35.69424012473665,0.001148967504936661,6.693293605139023,0.002556027425473498,19.40259814216152,25.801489001903594
-0.04814535327688322,35.61589951316444,0.0011499280782887478,6.694460227096829,0.0025675094000929886,19.345842251158597,25.737989594732056
-0.048146710352574666,35.53920606155634,0.0011508628801886896,6.6956437071191575,0.0025786910107153554,19.29093861290484,25.676584245353087
-0.04814806083679796,35.46410501757095,0.0011517782477347036,6.696840975555426,0.002589580105036227,19.237823246911105,25.6171993758293
-0.04814940472908468,35.39054644738648,0.0011526636094984684,6.698049614673205,0.002600184328542646,19.18643504416528,25.5597650612692
-0.04815074200365976,35.31848224004549,0.001153531106661636,6.699267769711102,0.002610510940725476,19.13671536061853,25.504213883901087
-0.04821910735947521,35.73332379941696,0.0012176907317201064,6.729666037779216,0.002641053614615986,19.40485381735644,25.820595201902766
-0.04822291869827492,35.68326526124249,0.0012253726004443197,6.731916338723665,0.002652126012670004,19.369814265465777,25.781996170123126
-0.04822437546141686,35.612887675376044,0.0012261298969068657,6.732991295111645,0.002661993245146027,19.321990558831803,25.728391267174455
-0.04822577329831152,35.54383255725877,0.001227149216781611,6.734064715814524,0.002671602640026461,19.275702220389817,25.676524939060517
-0.04822716834101532,35.47610809456177,0.0012281108341382807,6.735146353700334,0.002680959846676515,19.230910813964524,25.626354529451167
-0.048228554213718286,35.409667741215785,0.0012290511612637186,6.736233485339775,0.0026900715821676835,19.187564099270034,25.5778195826419
-0.048229931697009266,35.34447695141945,0.0012299721979117612,6.737324267212437,0.0026989440579834644,19.14561175774958,25.530862843141907
-0.04823130074941503,35.28050163190318,0.001230870656220476,6.738417318518865,0.002707583834728848,19.105006551280464,25.485430285690317
-0.048232661402661685,35.2177027956586,0.0012317560301702253,6.739511081460477,0.0027159966870103926,19.065702664059266,25.441469048869784
-0.0482340136841876,35.156049582358094,0.0012326273782394949,6.740604096142613,0.0027241888830281218,19.027655114780885,25.398926921377715
-0.048235357621128,35.095508354708265,0.0012334759005480926,6.741695247830008,0.0027321658325365566,18.990820963525042,25.35775617918531
-0.04823669323184612,35.03604905881678,0.0012343141442592571,6.742783406707513,0.002739933517332546,18.955160143674043,25.317909420637314
-0.048238020534432095,34.97763727410476,0.0012351288104025249,6.7438675124368945,0.0027474971444510186,18.92063100646202,25.279340919073874
-0.04823933954697608,34.9202474264712,0.0012359377233551422,6.744946225078923,0.0027548622734718535,18.887195815012937,25.24200614113147
-0.048240650296385315,34.86385163275543,0.0012367302539401878,6.7460191756121874,0.0027620339171134808,18.85481799986269,25.205863494673622
-0.0482419527921308,34.80841788091152,0.0012375142745579925,6.747085154778507,0.002769017460530184,18.823461195549665,25.170872169373123
-0.04824324705210476,34.753923261927795,0.0012382899340445533,6.748143215555509,0.002775817378104265,18.793091341123123,25.13699261053798
-0.04824453309439733,34.700340996078886,0.0012390519622731762,6.74919313508915,0.0027824385826898416,18.763674427100582,25.104186886376045
-0.04824581094597584,34.64764581738231,0.001239803890170288,6.750233844257179,0.0027888860019430967,18.735178396977048,25.072417719424458
-0.0482470806339755,34.59581409067362,0.00124054626933447,6.751265102409141,0.0027951641145650963,18.707572476093905,25.041650778398164
-0.048277644482147074,34.7116132944278,0.0012614773509495832,6.765216315431094,0.0028082884472855766,18.788471628922792,25.137903113139817
-0.04827898043561157,34.66231059550042,0.0012632037324189942,6.766248528871828,0.0028144306237821537,18.762691697583055,25.109155982899836
-0.048280275789332305,34.61222141958306,0.00126391324072053,6.767201732840985,0.002820334283161903,18.73667107674165,25.080101877080136
-0.048281534675830594,34.56290674839065,0.0012646965475024332,6.768138933259557,0.002826083127817525,18.711454348994575,25.051953657729964
-0.04828278858267846,34.514364062452835,0.0012654666427703589,6.769067149387563,0.0028316808170706638,18.687018963313022,25.024687114338477
-0.048284033985147246,34.46657188769074,0.0012662192012640402,6.769985303020492,0.0028371309759176924,18.66334042510768,24.99827396969449
-0.04828527131311728,34.419510225901504,0.001266974231681344,6.770892929281677,0.0028424380015991194,18.64039116311895,24.97268312352796
-0.0482865005571904,34.373159951067194,0.0012677167851909265,6.771789722761978,0.002847605023493977,18.618148491689897,24.947888662220784
-0.04828772176227797,34.327504600024206,0.0012684581791516276,6.772675332957971,0.0028526358900264944,18.59658808605551,24.92386344040943
-0.048288934966953384,34.28252578871369,0.0012691818849639065,6.773549456930259,0.0028575344481351463,18.575686774329718,24.90058037496035
-0.04829014021638456,34.238206082554264,0.00126990695247442,6.774412091460476,0.0028623039424643237,18.555423297712437,24.87801522392279
-0.04829133754689679,34.19453150428296,0.001270625240185768,6.775262733504215,0.0028669477862991485,18.535775954548,24.85614357139357
-0.048292527012585476,34.151482229127296,0.0012713416571240234,6.776101310788397,0.002871469350981511,18.516723865591402,24.834941740280886
-0.048293708649836016,34.10904599701377,0.001272045405311369,6.776927756305843,0.002875871844621286,18.498247678483725,24.81438818997496
-0.04829488251280129,34.06720632364608,0.0012727499352306762,6.777741688995576,0.0028801582258884263,18.4803284115,24.794460265541318
-0.048296048646706675,34.0259517899737,0.0012734472250074292,6.778543318116236,0.0028843316573002216,18.462948059636894,24.775138924587647
-0.04829720709707279,33.985263565198245,0.0012741423711784556,6.779332335209349,0.0028883950205920994,18.446088276154004,24.75640197970618
-0.048298357926727216,33.94513257921661,0.001274835142925647,6.78010890832738,0.002892351146227325,18.429731636585558,24.738231059635645
-0.04829950117256093,33.90554351758598,0.0012755243514596245,6.780872526197455,0.0028962031108349,18.41386246630092,24.720607256615608
-0.04830087538750981,33.867695338046744,0.0012763474559019615,6.781729485214984,0.002900004031157567,18.399241322323874,24.7044222369616
-0.04831290173659658,33.88450490700626,0.0012833895076846077,6.787298700679132,0.0029059768799378715,18.419827587426962,24.729452825953675
-0.04831394447578673,33.846216078023794,0.0012842600691989525,6.787986084298248,0.002909570928300526,18.404995967943655,24.712963057262105
-0.04831507385428372,33.80846170838439,0.0012849356092067279,6.788684708022621,0.0029130675147240777,18.39061630912688,24.696986494218283
-0.04831618554501987,33.7711904247884,0.0012856331701644867,6.789368858476252,0.0029164718246795156,18.37665844870868,24.681483737605593
-0.04831729118424766,33.73439490279466,0.0012863187866293197,6.790041409984557,0.002919786206002963,18.363109609029216,24.66644175119449
-0.04831838955147771,33.69806496389525,0.0012870021271909808,6.790701932355802,0.0029230128806745945,18.349956276216613,24.651844242595992
-0.04831948084033998,33.66219163370409,0.0012876846381311771,6.791350666341486,0.0029261541167197665,18.337186535690737,24.63767737284516
-0.048320565087640564,33.626762770207016,0.0012883616341209767,6.7919874921942816,0.002929212232248193,18.324786626710768,24.623927277945327
-0.04832164234797784,33.591768263962436,0.0012890359333949124,6.792612485554006,0.0029321891386840065,18.31274497158055,24.610579457630635
-0.04832271268466732,33.557200849329725,0.0012897092903950667,6.7932258075172784,0.0029350874100663484,18.301050002892318,24.59762106789441
-0.04832377615995063,33.52305017554633,0.0012903856517499038,6.793827572806302,0.002937908638592166,18.289690425041318,24.585039279048832
-0.04832483281187304,33.489305186176125,0.001291049396141469,6.794417815829549,0.0029406551799809975,18.278655247795495,24.5728216797596
-0.048325882720676165,33.45596045270535,0.001291710883441778,6.794996345890693,0.0029433286430502674,18.267934478889817,24.560957417142323
-0.04832692594022742,33.42300646974416,0.00129237611084861,6.795563546463356,0.002945931126740083,18.257517246331805,24.549433756012938
-0.048327962517006384,33.39043373047162,0.0012930382830226251,6.796119483637061,0.0029484645515775753,18.247394233694074,24.538240294535058
-0.048328992522507476,33.358236091899414,0.0012936934286365191,6.796664114451836,0.0029509305473703383,18.237556115887315,24.5273665745697
-0.04833001601189737,33.3264042261586,0.0012943527679014565,6.797197776960226,0.002953330815404825,18.227993391101418,24.516801143894828
-0.04833103305614724,33.294933346992075,0.0012950124127919698,6.79772037349157,0.00295566739508434,18.218696624395243,24.50653497132972
-0.048332043701438815,33.263811022424875,0.0012956682802236685,6.798232161531136,0.00295794157405793,18.20965902637688,24.4965591588268
-0.048333266476642114,33.23408215049249,0.0012964328737939985,6.798830166904883,0.00296019889824899,18.201540706482472,24.487647646988314
-0.04833803107916594,33.22169993747705,0.001299098477650079,6.800993015623497,0.0029631101106415564,18.204545832051338,24.491753127458264
-0.048338996612737314,33.1915151162667,0.0012998026398701042,6.801460144711602,0.0029652202859191904,18.19612449690025,24.482456875859352
-0.04833998712414992,33.16166681319992,0.0013004473896298246,6.801925106527212,0.002967273217806498,18.187936744556346,24.47342494868239
-0.04834096812122492,33.13213568578172,0.001301102285690359,6.802379018214942,0.0029692714568832724,18.179971827742488,24.464642936119784
-0.04834194350255609,33.10291664699875,0.0013017453339821243,6.8028232953444485,0.0029712160111057136,18.17222335807387,24.456104155220785
-0.04834291288707083,33.07400649331678,0.0013024019122157178,6.80325782090672,0.00297310849820568,18.164684081989982,24.44779952584558
-0.04834387639541645,33.04539542196662,0.0013030489372905674,6.803682739094073,0.002974950295651991,18.157346653638985,24.439722071318865
-0.04834483406622684,33.01708039276628,0.0013036910674415483,6.8040980773535065,0.002976742632288756,18.15020589736728,24.431864664433224
-0.048345785969348916,32.98905312844658,0.0013043355534270076,6.804504101000208,0.0029784868091325,18.143255157524628,24.424220449784222
-0.04834673214353677,32.96131155691528,0.0013049798859590858,6.804900890079341,0.00298018400415164,18.136488296328885,24.416782805163606
-0.048347672659834064,32.93384799991402,0.0013056183266862396,6.805288710154758,0.0029818354880653797,18.129899370369365,24.409544810221202
-0.04834860757251123,32.90665734599875,0.0013062607807678046,6.80566744315555,0.0029834426865298,18.123482778434475,24.40249920673873
-0.04834953693652726,32.87973589640234,0.0013068993698294575,6.806037401622496,0.002985006199974153,18.117233133847662,24.39564167562145
-0.04835046081308702,32.8530770371803,0.0013075333420235183,6.8063987217331805,0.002986527702908652,18.111146370329298,24.388965961696577
-0.048351379241963685,32.82667696051002,0.0013081690136319867,6.806751360588481,0.002988007989906636,18.10521553924833,24.38246573637521
-0.04835229230016136,32.80052912475126,0.0013088036883484682,6.807095621077463,0.002989448182850071,18.099436846511267,24.376135687489985
-0.04835320001930697,32.77463221488606,0.001309435840343389,6.8074317998113525,0.0029908493695303046,18.093804742829303,24.36996994948247
-0.04835410247698798,32.74897887334308,0.0013100723928961228,6.8077596398957425,0.0029922125508418823,18.088316081774625,24.363964592414025
-0.04835499971094203,32.72356686283723,0.001310701560957646,6.808079576036269,0.0029935386026526713,18.082965178716613,24.35811351833389
-0.04835601460335351,32.69896088581052,0.0013113936086258766,6.808446093254049,0.0029948524413350333,18.078113127714943,24.352840277383972
-0.04835817063328673,32.67991890219741,0.0013126664334003884,6.809314246849082,0.002996354493801699,18.076794270787563,24.351699082868116
-0.048359043781597784,32.65517941066653,0.0013133089236816735,6.809606572515776,0.0029975794319116655,18.07179609571828,24.346239370159434
-0.04835992216044854,32.630666469340575,0.0013139301202687189,6.809894121067361,0.0029987707033250085,18.06692219590192,24.34091911996327
-0.04836079446494011,32.60637336965109,0.001314555509349879,6.810174193330592,0.0029999293721994368,18.062167202455345,24.33573295646244
-0.04836166200919946,32.582296268759606,0.0013151825952078004,6.8104471400154845,0.0030010561833464402,18.057527996611853,24.330676108263354
-0.0483625247014788,32.55843422978714,0.001315805394013197,6.810712972405467,0.0030021521344927964,18.05300105963063,24.325744902239148
-0.04836338260419479,32.534778788545495,0.0013164305222433306,6.810971902076418,0.0030032178158316864,18.048582864495824,24.320935820926127
-0.048364235770703964,32.511330969036315,0.0013170515707472076,6.811224216267321,0.0030042541934190525,18.04426937115776,24.316244064112688
-0.04836508424623172,32.488085699169865,0.0013176682547401126,6.811469870925877,0.0030052620655943363,18.0400587955505,24.311666994554674
-0.04836592807600342,32.465038807220786,0.0013182869928957972,6.811708915997204,0.0030062418769971288,18.035946111031304,24.307200468845156
-0.0483667673071624,32.442187608435724,0.0013189022357768488,6.811941467824332,0.0030071945464446035,18.031930206261688,24.30284189137813
-0.04836760200010217,32.41952944636477,0.0013195202013092028,6.8121678269851,0.003008120660389157,18.0280074632116,24.298587431211185
-0.04836843219100305,32.3970601757379,0.001320134500068994,6.812388019481845,0.003009021035162304,18.02417447154591,24.29443380100793
-0.04836925792006152,32.37477791725667,0.0013207472407706846,6.812602147813898,0.003009896445682788,18.02042938217404,24.29037820683556
-0.04837007925352375,32.35267990264733,0.0013213606242702168,6.812810395686812,0.003010747243378635,18.016769290481218,24.286417863836395
-0.04837089621465038,32.33076111588606,0.0013219715052418073,6.813012815041027,0.0030115742121947326,18.01319126329758,24.282549456355593
-0.048371708864658684,32.309019307615195,0.0013225789088090985,6.813209417955926,0.003012378017684011,18.009692799475797,24.27877000348873
-0.04837251724664574,32.2874536956874,0.001323187624691632,6.813400523668197,0.003013159180629854,18.006271690954506,24.27507726525
-0.04837332139206348,32.26605891469032,0.0013237952146672913,6.813586042906177,0.003013918216100722,18.002926031593073,24.27146905335476
-0.04837417980209549,32.245101361908176,0.0013244295272229467,6.813792152686728,0.003014667029112483,17.999823849543404,24.268142227372287
-0.04837539746351119,32.225975251268366,0.0013252465618888523,6.814154321196911,0.003015464598647504,17.997852821532973,24.266136221060936
-0.048376186294025965,32.20507400371077,0.001325855535669541,6.814322698267112,0.003016162553972041,17.994706783501254,24.262749456641068
-0.04837697442084478,32.1843348219253,0.0013264537451819576,6.8144868572101,0.003016840387877955,17.99162799403297,24.259438889402755
-0.048377758163952546,32.16375638585685,0.0013270559545363145,6.814645982002338,0.0030174988418471115,17.988614263010437,24.25620059515067
-0.0483785379845106,32.143334710169455,0.0013276587474914648,6.814800154427755,0.0030181383560307093,17.985664189307176,24.2530336539015
-0.04837931386722721,32.123067263290075,0.0013282546865432303,6.814949685257555,0.003018759533322333,17.982774576961603,24.249934421737063
-0.04838008586942104,32.102952829869366,0.0013288520796308637,6.815094451610559,0.003019362634697116,17.979944395034224,24.246901832732057
-0.04838085401403982,32.082987585020035,0.0013294512202995075,6.815234818429633,0.003019948455760242,17.977172207198667,24.24393335552379
-0.04838161835289516,32.0631710044808,0.0013300444250767113,6.815370714144491,0.003020517144578464,17.974455763601423,24.241027694822208
-0.04838237892216737,32.04349915394449,0.0013306362837261687,6.81550215459904,0.0030210693302279677,17.97179426354299,24.23818358522955
-0.048383135758036724,32.02397133270701,0.0013312271067708306,6.815629326763397,0.0030216053495986227,17.9691849110697,24.235397776250835
-0.048383888896683554,32.00458678881386,0.0013318177601843865,6.815752442211937,0.003022125708738794,17.96662626924291,24.23266881943823
-0.04838463837428815,31.985340727270874,0.00133240880712005,6.815871343199374,0.0030226306941950336,17.96411788617696,24.229995707122285
-0.048385384228335354,31.9662315712788,0.001332997548852546,6.815986205756094,0.0030231207426532763,17.961658028526713,24.22737664159808
-0.04838612650141139,31.947257881303425,0.0013335855432831136,6.816097295356177,0.0030235962469504886,17.959244356089314,24.22480941270075
-0.048386865221986104,31.928419540153175,0.0013341672909608514,6.816204396257303,0.003024057562186966,17.956877146110603,24.222294392559267
-0.048387600426239775,31.909712166871458,0.0013347549383508554,6.816307730277922,0.0030245050215121703,17.954553402815108,24.21982751608097
-0.048388332150352716,31.89113464368155,0.0013353396547759932,6.8164073252184885,0.0030249390672720824,17.952272335941984,24.217408750898166
-0.048389060429125545,31.872685327129382,0.0013359175258673165,6.816503380379424,0.0030253600435172453,17.950033783017947,24.21503709746995
-0.048389806073505424,31.854457566090154,0.001336510880109015,6.816605177485894,0.0030257721722873917,17.94789533814566,24.212780832068866
-0.0483906407348096,31.836774567290487,0.0013371393366498833,6.816744721251211,0.003026189370747208,17.946064122577212,24.21088200997663
-0.048391358103675376,31.81869886180718,0.0013377210262682303,6.816829962625919,0.003026573501985263,17.943940249869367,24.208637834847245
-0.048392073047357806,31.80074331232262,0.0013382969120182637,6.816912208372413,0.0030269456157334435,17.941853639817197,24.206435669020866
-0.04839278461435254,31.78290913075292,0.0013388714967490691,6.816991211427171,0.0030273063072147493,17.939802742106846,24.20427327905885
-0.04839349295005918,31.76519145989274,0.001339444987185839,6.817067096386102,0.0030276557916228256,17.937787504729133,24.202150612952007
-0.04839419806797734,31.747591514817195,0.001340021163855576,6.81713983097955,0.003027994315046256,17.935806283362272,24.200066026378547
-0.04839490000128756,31.73010738152004,0.0013405905406619698,6.817209578064691,0.0030283222667178006,17.93385803667696,24.198018403015446
-0.04839559877413961,31.712736693575962,0.0013411612374502086,6.817276440078506,0.0030286397041488855,17.93194255214399,24.196007138675707
-0.048396294433154304,31.69547769055718,0.001341727702576152,6.817340424267195,0.003028947144632279,17.93005837128631,24.194030699730803
-0.04839698699201156,31.678329662060936,0.0013422936895417863,6.817401480348707,0.003029244724330054,17.928205112358935,24.19208864263773
-0.048397676700807406,31.661284178515256,0.0013428588329071644,6.817459863902035,0.003029532978425038,17.926380058767098,24.190178033379393
-0.048398363892,31.644329850000002,0.0013434249537,6.8175157319999995,0.0030298119677999997,17.92458207,24.18829866
